name,email,id
bob doe,bobdoe@gmail.com.br,65e343d59fe5eaefd98ae6d0
jane mary,janemary@gmail.com,65e344229fe5eaefd98ae6d1
jon robert,jonrobert@gmail.com,65e3443d9fe5eaefd98ae6d2
Johan sebastian,sebastian@gmail.com,65e3646eabc019e98939d23e
Darth Vader,Vader@gmail.com,65e36541abc019e98939d23f
Darth Vader,Vader@gmail.com,65e36583abc019e98939d240
Darth Vader,Vader@gmail.com,65e365c1abc019e98939d241
Darth Vader,Vader@gmail.com,65e36692abc019e98939d242
Darth Vader,Vader@gmail.com,65e3669babc019e98939d243
Darth Vader,Vader@gmail.com,65e366a9abc019e98939d244
Darth Vader,Vader@gmail.com,65e36712abc019e98939d245
Darth Vader,Vader@gmail.com,65e36721abc019e98939d246
Darth Vader,Vader@gmail.com,65e36739abc019e98939d247
Darth Vader,Vader@gmail.com,65e36744abc019e98939d248
Darth Vader,Vader@gmail.com,65e3674dabc019e98939d249
Darth Vader,Vader@gmail.com,65e367c9abc019e98939d24a
Darth Vader,Vader@gmail.com,65e367ddabc019e98939d24b
Darth Vader,Vader@gmail.com,65e36870abc019e98939d24c
Darth Vader,Vader@gmail.com,65e3687dabc019e98939d24d
Darth Vader,Vader@gmail.com,65e3688babc019e98939d24e
Darth Vader,Vader@gmail.com,65e3696babc019e98939d24f
Darth Vader,Vader@gmail.com,65e3697eabc019e98939d250
Darth Vader,Vader@gmail.com,65e36987abc019e98939d251
Darth Vader,Vader@gmail.com,65e36a28abc019e98939d252
Darth Vader,Vader@gmail.com,65e36aa6abc019e98939d253
Darth Vader,Vader@gmail.com,65e36c9eabc019e98939d254
Darth Vader,Vader@gmail.com,65e36d02abc019e98939d255
Darth Vader,Vader@gmail.com,65e36d47abc019e98939d256
Darth Vader,Vader@gmail.com,65e36e91abc019e98939d257
Jonathan,jonathan@gmail.com,65e36e92abc019e98939d258
Darth Vader,Vader@gmail.com,65e36eceabc019e98939d259
Jonathan,jonathan@gmail.com,65e36ecfabc019e98939d25a
Darth Vader,Vader@gmail.com,65e36f0eabc019e98939d25b
Jonathan,jonathan@gmail.com,65e36f0fabc019e98939d25c
Darth Vader,Vader@gmail.com,65e36fdbabc019e98939d25d
Jonathan,jonathan@gmail.com,65e36fdcabc019e98939d25e
Darth Vader,Vader@gmail.com,65e370a2abc019e98939d25f
Jonathan,jonathan@gmail.com,65e370a3abc019e98939d260
Darth Vader,Vader@gmail.com,65e37104abc019e98939d261
Jonathan,jonathan@gmail.com,65e37104abc019e98939d262
Darth Vader,Vader@gmail.com,65e3723eabc019e98939d263
Jonathan,jonathan@gmail.com,65e3723eabc019e98939d264
Darth Vader,Vader@gmail.com,65e375a6abc019e98939d265
Alince in wordeland,wonderland@gmail.com,65e375a7abc019e98939d266
Jonathan,jonathan@gmail.com,65e375a7abc019e98939d267
Darth Vader,Vader@gmail.com,65e375feabc019e98939d268
Alince in wordeland,wonderland@gmail.com,65e375feabc019e98939d269
Jonathan,jonathan@gmail.com,65e375ffabc019e98939d26a
Darth Vader,Vader@gmail.com,65e37692abc019e98939d26b
Alince in wordeland,wonderland@gmail.com,65e37693abc019e98939d26c
Jonathan,jonathan@gmail.com,65e37697abc019e98939d26d
Darth Vader,Vader@gmail.com,65e376efabc019e98939d26e
Alince in wordeland,wonderland@gmail.com,65e376efabc019e98939d26f
Jonathan,jonathan@gmail.com,65e376f4abc019e98939d270
Darth Vader,Vader@gmail.com,65e3771babc019e98939d271
Alice,wonderland@gmail.com,65e3771cabc019e98939d272
Jonathan,jonathan@gmail.com,65e37720abc019e98939d273
Darth Vader,Vader@gmail.com,65e37740abc019e98939d274
Darth,wonderland@gmail.com,65e37741abc019e98939d275
Jonathan,jonathan@gmail.com,65e37745abc019e98939d276
Darth Vader,Vader@gmail.com,65e377d9abc019e98939d277
Darth,wonderland@gmail.com,65e377daabc019e98939d278
Jonathan,jonathan@gmail.com,65e377deabc019e98939d279
Darth Vader,Vader@gmail.com,65e377f1abc019e98939d27a
Darth,wonderland@gmail.com,65e377f2abc019e98939d27b
Jonathan,jonathan@gmail.com,65e377f7abc019e98939d27c
Darth Vader,Vader@gmail.com,65e3784aabc019e98939d27d
Jonathan,jonathan@gmail.com,65e3784aabc019e98939d27e
Darth Vader,Vader@gmail.com,65e378c6abc019e98939d27f
Jonathan,jonathan@gmail.com,65e378cbabc019e98939d280
Darth Vader,Vader@gmail.com,65e37a09abc019e98939d281
Alice,wonderland@gmail.com,65e37a0aabc019e98939d282
Jonathan,jonathan@gmail.com,65e37a0cabc019e98939d283
Darth Vader,Vader@gmail.com,65e37b40abc019e98939d284
Alice,wonderland@gmail.com,65e37b41abc019e98939d285
Jonathan,jonathan@gmail.com,65e37b43abc019e98939d286
Darth Vader,Vader@gmail.com,65e37b9cabc019e98939d287
Alice,wonderland@gmail.com,65e37b9dabc019e98939d288
Jonathan,jonathan@gmail.com,65e37b9fabc019e98939d289
Darth Vader,Vader@gmail.com,65e37c24abc019e98939d28a
Alice,wonderland@gmail.com,65e37c25abc019e98939d28b
Jonathan,jonathan@gmail.com,65e37c27abc019e98939d28c
Darth Vader,Vader@gmail.com,65e37c86abc019e98939d28d
Jonathan,jonathan@gmail.com,65e37c88abc019e98939d28e
Jonathan,jonathan@gmail.com,65e37c8aabc019e98939d28f